{"cliprange": "lin_0.1", "cliprange_vf": -1, "ent_coef": 0.01, "learning_rate": "lin_2.5e-4", "n_envs": 8, "n_steps": 128, "n_timesteps": 10000000.0, "nminibatches": 4, "noptepochs": 4, "policy": "CnnPolicy", "vf_coef": 0.5}
frames,total_time,rmean,rmedian,rmin,rmax,rstd,lmean,lmedian,lmin,lmax,lstd
250880,310.88308906555176,10.4,10.0,2,19,3.7309516212355263,457.96,472.0,193,726,118.55850201482811
501760,601.9737138748169,14.6,13.0,6,27,5.83780780773057,560.52,552.0,344,798,134.13131476280995
752640,892.8554491996765,19.56,17.0,7,43,8.658313923622774,715.4,667.0,387,1196,199.75324778335897
1003520,1185.0662240982056,27.36,26.0,11,50,8.489428720473482,815.28,835.0,498,1203,175.76564396946293
1254400,1473.528058052063,32.76,30.0,17,59,8.691513101871273,956.4,963.0,716,1263,157.20534342063567
1505280,1762.6235361099243,39.12,38.0,20,76,14.043703215320381,1026.48,999.0,594,1464,231.93345942317163
1756160,2049.9211332798004,59.88,55.0,21,219,35.509232602240225,1140.24,1126.0,609,1542,235.25276278930286
2007040,2332.7973971366882,74.28,64.0,35,219,43.265247023448275,1269.28,1277.0,719,1741,236.56500501976194
2257920,2616.270033597946,87.12,79.0,39,219,41.819918699107966,1340.8,1336.0,986,1715,183.3427391526591
2508800,2890.9201352596283,72.72,73.0,21,120,25.65699904509489,1232.8,1287.0,557,1680,295.23929277790927
2759680,3166.0164291858673,80.44,64.0,29,277,48.44632493801774,1244.0,1288.0,747,1769,272.0558766136104
3010560,3442.1205608844757,113.68,88.0,34,348,78.4865440696684,1312.28,1297.0,711,1786,292.96750946137354
3261440,3717.7150795459747,129.12,94.0,54,372,95.55242330783662,1430.2,1400.0,982,1887,240.9403245619131
3512320,4003.2625329494476,142.44,113.0,39,384,89.27265202737063,1499.52,1485.0,800,1939,301.04831771660844
3763200,4286.405762672424,131.28,107.0,53,384,74.60376398011029,1440.6,1424.0,1061,1901,225.9656611080542
4014080,4570.007494688034,169.04,141.0,44,360,88.3354877724689,1512.72,1566.0,819,1924,264.8878283349388
4264960,4854.476722002029,207.12,210.0,55,383,104.80241218597975,1523.72,1521.0,630,2283,332.82145603912016
4515840,5143.966340065002,252.6,263.0,64,398,91.93127868141507,1711.44,1725.0,1313,2127,210.49010998144308
4766720,5430.562429666519,197.68,196.0,38,369,103.92255578073511,1520.08,1482.0,917,2113,304.97631645752426
4999168,5699.156559467316,254.64,263.0,95,406,95.7897196989322,1693.44,1699.0,1253,2418,279.64893420143767
