{"cliprange": "lin_0.1", "cliprange_vf": -1, "ent_coef": 0.01, "learning_rate": "lin_2.5e-4", "n_envs": 8, "n_steps": 128, "n_timesteps": 10000000.0, "nminibatches": 4, "noptepochs": 4, "policy": "CnnPolicy", "vf_coef": 0.5}
frames,total_time,rmean,rmedian,rmin,rmax,rstd,lmean,lmedian,lmin,lmax,lstd
250880,317.242121219635,9.28,9.0,2,20,4.574013554855298,487.44,455.0,232,1012,172.93792643604814
501760,610.9333641529083,15.28,15.0,6,41,6.708323188398126,542.12,563.0,280,813,126.34154344474346
752640,894.6928751468658,32.72,20.0,9,342,63.42650550046092,688.68,691.0,474,1013,135.4446661925083
1003520,1174.8079578876495,23.36,21.0,12,43,7.858142274100158,726.76,711.0,436,1028,138.49166906352164
1254400,1450.476321220398,27.44,25.0,16,64,9.708058508270335,817.4,798.0,510,1209,139.9236934904164
1505280,1728.4530770778656,30.4,31.0,7,47,10.244998779892558,856.52,864.0,409,1208,191.82828154367644
1756160,2004.391517162323,54.2,46.0,22,198,35.14085940895584,1109.12,1104.0,657,1576,258.8124139217437
2007040,2280.954789161682,44.88,38.0,18,82,18.978556320226257,1005.72,945.0,617,1682,300.45665511018393
2257920,2553.1040756702423,60.92,51.0,31,201,32.11718543085617,1131.56,1161.0,677,1531,234.6551648696444
2508800,2824.663768529892,82.48,70.0,42,256,46.223041873074514,1250.16,1200.0,816,1646,227.05570770187657
2759680,3096.615032196045,108.92,78.0,33,368,83.96805106705763,1390.48,1339.0,894,3190,450.80790765025404
3010560,3386.645175218582,108.32,87.0,22,323,78.77041068827812,1213.96,1270.0,641,1723,297.520887333982
3261440,3658.165410757065,94.72,82.0,25,287,60.04166553319453,1273.52,1289.0,800,1833,268.5388791218135
3512320,3934.4909472465515,144.2,109.0,61,326,74.85719738275004,1452.76,1469.0,994,2111,239.67849799262345
3763200,4212.087406158447,156.56,115.0,67,323,82.68256406280588,2050.92,1471.0,914,14333,2545.255585123034
4014080,4649.434435606003,122.44,112.0,40,247,58.913550224035895,1395.0,1440.0,648,2508,360.0539959506074
4264960,4932.021750211716,221.96,227.0,61,344,83.72214999628235,1686.76,1621.0,995,2562,331.24411300429176
4515840,5215.082664012909,195.36,219.0,34,329,85.7386167371506,1894.0,1546.0,599,4958,964.2033395503254
4766720,5526.135908842087,190.44,197.0,58,327,71.89886229976105,2306.4,1555.0,857,13209,2472.302052743556
4999168,5919.417385339737,169.8,176.0,44,325,84.53685586772198,1525.96,1565.0,891,2206,327.05675103871494
