{"lr_schedule": "constant", "n_envs": 16, "n_timesteps": 10000000.0, "policy": "CnnPolicy"}
frames,total_time,rmean,rmedian,rmin,rmax,rstd,lmean,lmedian,lmin,lmax,lstd
250000,242.66826701164246,1.44,1.0,0,5,1.329059818066892,188.52,173.0,128,327,54.33976076502361
500000,487.0549921989441,1.8,1.0,0,7,1.9595917942265428,201.84,192.0,124,395,75.01982671267642
750000,722.9759612083435,2.08,0.0,0,13,3.3337066457623417,204.6,135.0,122,470,108.02703365361839
1000000,962.0341422557831,2.48,2.0,0,9,2.4838679514016038,234.76,202.0,123,422,100.95237689128474
1250000,1197.254120349884,2.88,1.0,0,13,3.7663775700266693,232.2,180.0,122,457,118.74779997962068
1500000,1434.0219311714172,2.24,0.0,0,13,3.33802336720401,210.88,140.0,123,460,110.44322342271617
1750000,1667.6925060749054,1.72,1.0,0,6,1.8225257199831228,204.08,180.0,124,370,80.65874782067968
2000000,1894.1728670597076,2.88,3.0,1,7,1.8399999999999999,238.72,232.0,158,409,68.71129164846197
2250000,2119.325199365616,3.4,3.0,0,11,2.7568097504180438,251.2,233.0,125,479,94.82995307391015
2500000,2333.388548851013,4.88,5.0,0,12,2.902688409044278,312.04,306.0,129,508,107.13971439200311
2750000,2535.8388340473175,6.44,6.0,3,11,2.367783773911799,350.56,339.0,230,504,78.63133217744692
3000000,2730.7237663269043,8.56,7.0,2,19,4.850402045191718,395.8,364.0,185,640,121.44694314802658
3250000,2921.9912893772125,11.76,11.0,5,21,3.9015894197108953,517.92,502.0,356,763,111.80265470908998
3500000,3107.046226978302,17.56,16.0,5,35,6.876510743102203,646.24,641.0,356,909,143.11988820565784
3750000,3289.189801454544,11.68,11.0,4,25,4.645169534042864,515.68,518.0,298,927,135.84659583515517
4000000,3470.9764778614044,29.6,31.0,11,52,11.303096920755834,908.44,928.0,583,1225,209.59982442740738
4250000,3655.0294477939606,52.12,44.0,15,250,43.97210024549657,1105.64,1060.0,603,1703,293.2953296593725
4500000,3838.9458813667297,50.0,49.0,24,83,14.696938456699069,1173.76,1161.0,728,1548,210.3603156491262
4750000,4022.357357978821,79.0,59.0,28,305,63.07519322205839,1306.96,1295.0,874,1935,275.9010663263192
5000000,4209.40497469902,54.04,52.0,10,130,25.614808217123155,1114.16,1173.0,461,1634,277.4076682429669
