{"cliprange": "lin_0.1", "cliprange_vf": -1, "ent_coef": 0.01, "learning_rate": "lin_2.5e-4", "n_envs": 8, "n_steps": 128, "n_timesteps": 10000000.0, "nminibatches": 4, "noptepochs": 4, "policy": "CnnPolicy", "vf_coef": 0.5}
frames,total_time,rmean,rmedian,rmin,rmax,rstd,lmean,lmedian,lmin,lmax,lstd
250880,330.6158697605133,10.32,10.0,5,18,3.0029319006597537,486.36,497.0,339,690,100.25562527858474
501760,635.4675524234772,17.96,17.0,8,30,5.079212537391992,630.0,630.0,408,924,121.0094211208367
752640,933.5729057788849,15.84,15.0,8,30,5.220574681009745,615.56,639.0,395,784,115.66056544907603
1003520,1216.1338493824005,23.04,25.0,9,35,7.141316405257507,750.76,773.0,490,1063,169.5415654050652
1254400,1498.925716638565,28.56,27.0,15,57,9.89577687703194,820.68,780.0,521,1333,202.23901107353151
1505280,1779.0919399261475,35.92,35.0,11,65,12.74651324872806,928.2,925.0,528,1573,256.760433088901
1756160,2062.7417862415314,48.2,46.0,16,84,19.657059800488984,1094.6,1089.0,564,1582,317.8030836854797
2007040,2357.5925228595734,59.76,53.0,20,239,44.26671887547123,1150.28,1175.0,608,1639,256.3070845684918
2257920,2651.4029133319855,52.92,51.0,24,91,16.218310639520997,1144.16,1171.0,684,1555,207.04138330295226
2508800,2941.2902686595917,63.68,61.0,20,150,28.42213222121099,1167.04,1134.0,676,1749,280.47438100475415
2759680,3232.2490887641907,58.16,51.0,16,104,21.257807977305657,1184.52,1205.0,591,1650,250.76508847923787
3010560,3522.312313079834,113.12,88.0,28,318,74.77182357011229,1300.56,1238.0,772,1822,275.5339659642709
3261440,3811.174956560135,97.8,92.0,49,267,47.04040816149451,1366.92,1383.0,783,1881,245.95152693162936
3512320,4103.253391027451,118.52,94.0,55,276,59.31483456943971,1425.56,1459.0,1016,1856,184.8640754716827
3763200,4388.860350370407,166.68,151.0,36,369,90.24443251525271,1447.28,1373.0,619,2109,346.02387432083356
4014080,4673.858010530472,159.24,126.0,55,408,88.49509816933366,1445.76,1410.0,1067,1933,227.33187721918807
4264960,4957.190901994705,196.4,202.0,65,360,93.58931562950976,1620.08,1651.0,975,2284,293.62641842994987
4515840,5241.15346455574,217.68,217.0,51,365,92.02943876825502,1606.76,1605.0,1104,2162,247.2540846983119
4766720,5528.217151880264,190.2,182.0,59,360,98.16924161874736,1642.16,1487.0,1010,5031,740.2277314448575
4999168,5835.3604164123535,232.52,264.0,53,327,79.93603442753462,1909.92,1693.0,1198,4761,875.8914051410711
