{"lr_schedule": "constant", "n_envs": 16, "n_timesteps": 10000000.0, "policy": "CnnPolicy"}
frames,total_time,rmean,rmedian,rmin,rmax,rstd,lmean,lmedian,lmin,lmax,lstd
250000,244.45569324493408,1.12,1.0,0,3,0.9086253353280438,174.64,171.0,122,281,42.03891530475067
500000,486.2609124183655,1.88,2.0,0,6,2.0063897926375125,210.24,198.0,121,399,89.01203514132231
750000,727.1321952342987,1.8,0.0,0,12,3.0724582991474434,194.96,138.0,121,435,96.23449693327233
1000000,966.7159178256989,2.08,2.0,0,9,2.3650792798551175,215.44,199.0,125,409,88.64449447089198
1250000,1206.230378627777,1.96,0.0,0,10,2.6150334605889842,207.84,144.0,121,436,99.84855732558182
1500000,1446.050811290741,2.92,2.0,0,9,2.9788588419057387,243.56,212.0,121,411,107.13732496193845
1750000,1673.846827507019,2.48,2.0,0,9,2.8017137612539935,227.56,198.0,125,405,101.5031349269568
2000000,1898.532074689865,1.84,1.0,0,10,2.8800000000000003,195.52,161.0,126,459,93.53464384921772
2250000,2123.596394777298,2.92,2.0,0,11,3.005594783067072,243.04,225.0,131,492,101.77091136469203
2500000,2343.548739671707,5.16,6.0,0,11,3.58530333444745,312.76,356.0,128,498,118.46224039752077
2750000,2556.543033361435,3.92,4.0,1,10,1.852997571504075,287.16,266.0,179,573,81.87829016289972
3000000,2768.0958123207092,7.36,8.0,2,12,2.7839540226088504,379.4,400.0,183,538,88.38144601668384
3250000,2975.049592256546,7.8,7.0,2,15,3.878143885933063,371.4,359.0,213,551,97.18600722326235
3500000,3174.4817514419556,12.84,11.0,5,27,5.619110249852729,526.92,487.0,332,847,134.84091960528895
3750000,3371.359062433243,19.08,18.0,10,34,6.424453284132434,690.64,649.0,521,996,130.45976544513638
4000000,3564.8354387283325,18.2,18.0,8,30,5.932958789676531,635.28,621.0,454,858,101.42801190992556
4250000,3751.2352211475372,28.08,26.0,13,58,11.644466497010502,860.88,803.0,575,1461,221.45072950884582
4500000,3941.863359451294,35.56,33.0,16,90,15.001546586935628,1001.68,1015.0,542,1597,239.96761781540442
4750000,4131.471627950668,29.32,26.0,6,60,15.904012072430024,869.8,918.0,355,1425,277.63486812718605
5000000,4318.522193193436,42.48,44.0,11,96,17.908925149209818,1095.4,1153.0,445,1579,305.8003270109436
