{"lr_schedule": "constant", "n_envs": 16, "n_timesteps": 10000000.0, "policy": "CnnPolicy"}
frames,total_time,rmean,rmedian,rmin,rmax,rstd,lmean,lmedian,lmin,lmax,lstd
250000,243.03438186645508,1.0,0.0,0,5,1.3266499161421599,170.64,140.0,121,349,58.16107289244242
500000,483.6042947769165,1.92,2.0,0,7,1.957958120083267,212.24,201.0,124,434,85.848834587314
750000,722.5747141838074,1.44,0.0,0,10,2.299217258111986,187.52,149.0,120,475,86.24714256136258
1000000,961.6068193912506,2.32,2.0,0,10,2.738174574419973,220.2,198.0,127,456,95.27014222724767
1250000,1199.9816217422485,2.56,2.0,0,9,2.7868261517360566,234.04,200.0,125,411,104.42700033995038
1500000,1428.739403963089,2.6,1.0,0,12,3.124099870362662,234.96,187.0,123,536,106.11596675335903
1750000,1655.4552760124207,3.36,3.0,0,10,2.62114478806494,255.48,241.0,126,465,92.24320896412917
2000000,1878.4523651599884,2.12,1.0,0,7,2.1414014102918677,217.32,177.0,125,464,94.60220716241244
2250000,2098.7722244262695,3.72,3.0,0,11,3.736522447410158,253.8,226.0,124,463,119.0512494684537
2500000,2313.1473178863525,3.96,4.0,1,9,2.2357101779971393,282.24,280.0,152,416,83.01627792186301
2750000,2523.7238540649414,7.4,7.0,1,14,3.794733192202055,351.6,355.0,157,573,97.11807246851639
3000000,2808.141729593277,9.2,8.0,4,18,3.22490309931942,399.84,395.0,249,675,97.47314707138577
3250000,3008.595700979233,11.52,10.0,6,26,4.665790393920413,492.4,493.0,309,719,94.40084745382322
3500000,3202.994168281555,17.4,17.0,8,37,6.752777206453653,632.2,631.0,463,886,108.34352772547143
3750000,3394.822066307068,21.6,21.0,7,46,9.90757286120067,744.24,690.0,390,1284,206.47717161952792
4000000,3585.261903524399,32.04,33.0,18,53,7.977367986999221,970.16,971.0,750,1297,155.14939381125535
4250000,3773.9134035110474,29.12,29.0,11,61,13.627384195068398,900.08,906.0,431,1355,243.0232778974064
4500000,3961.1835815906525,39.84,40.0,18,77,15.191260645515895,1031.04,1086.0,546,1389,212.11798226458782
4750000,4145.758532047272,66.2,61.0,18,120,23.829393613770367,1318.04,1329.0,793,1713,225.45801915212505
5000000,4335.474418401718,68.84,65.0,12,246,44.022430646205805,1217.2,1280.0,541,1563,287.03700109916144
