{"lr_schedule": "constant", "n_envs": 16, "n_timesteps": 10000000.0, "policy": "CnnPolicy"}
frames,total_time,rmean,rmedian,rmin,rmax,rstd,lmean,lmedian,lmin,lmax,lstd
250000,238.8109929561615,1.32,1.0,0,5,1.4062716664997557,183.36,175.0,122,337,57.66862578560374
500000,475.0419328212738,1.52,1.0,0,4,1.203993355463393,190.12,173.0,125,312,52.758559495118895
750000,703.9523847103119,1.6,0.0,0,9,2.280350850198276,194.6,150.0,123,431,89.01595362630229
1000000,932.5676472187042,1.72,0.0,0,9,2.676116589388437,196.44,139.0,123,417,93.91361136704306
1250000,1159.3072199821472,2.48,2.0,0,10,2.7730128019899225,229.68,204.0,127,470,103.76038550429543
1500000,1391.9372425079346,2.56,2.0,0,9,2.099142682144308,232.2,206.0,128,406,80.95480220468703
1750000,1624.772629737854,3.0,2.0,0,9,2.6076809620810595,244.28,224.0,124,433,88.57020718051866
2000000,1854.1049768924713,2.4,2.0,0,8,1.833030277982336,222.76,205.0,124,379,62.86893032333221
2250000,2080.71639752388,2.24,2.0,0,6,1.9448393249829148,216.04,205.0,126,390,80.50067328910983
2500000,2301.991329431534,3.76,2.0,0,13,2.915887514977215,278.88,236.0,123,515,106.25340276904078
2750000,2515.709422826767,7.24,7.0,1,15,3.8082016753318095,387.68,393.0,182,571,116.72625068938007
3000000,2726.4861612319946,8.6,8.0,4,21,3.9496835316262997,401.0,372.0,248,567,90.30924648118818
3250000,2926.711719751358,11.92,11.0,3,28,4.551219616762082,480.52,432.0,217,1108,164.16238789686267
3500000,3124.306164741516,19.36,20.0,8,33,7.729838290675944,657.88,678.0,415,1045,141.4420927446989
3750000,3315.9230573177338,18.48,18.0,9,35,6.475306942531759,694.96,681.0,416,1102,149.9595892232304
4000000,3501.7775111198425,26.8,26.0,8,52,10.881176406988354,835.2,791.0,454,1198,214.87224111085175
4250000,3683.2587761878967,32.08,31.0,8,51,10.73282814546101,899.6,875.0,396,1329,212.12128606059318
4500000,3864.3290152549744,46.48,46.0,26,77,10.733573496277929,1130.56,1119.0,790,1497,197.20691265774636
4750000,4044.2355394363403,55.88,57.0,19,112,22.89160544828606,1190.56,1212.0,676,1723,288.6359755817005
5000000,4228.040057420731,65.48,63.0,25,98,20.290135534293505,1340.76,1330.0,856,1799,242.40004620461607
