{"cliprange": "lin_0.1", "cliprange_vf": -1, "ent_coef": 0.01, "learning_rate": "lin_2.5e-4", "n_envs": 8, "n_steps": 128, "n_timesteps": 10000000.0, "nminibatches": 4, "noptepochs": 4, "policy": "CnnPolicy", "vf_coef": 0.5}
frames,total_time,rmean,rmedian,rmin,rmax,rstd,lmean,lmedian,lmin,lmax,lstd
250880,324.0891556739807,10.56,10.0,5,19,3.35952377577537,488.6,484.0,277,661,107.06932333773291
501760,622.3962075710297,14.64,13.0,8,25,4.577160691957406,576.12,563.0,425,898,123.04383609104522
752640,918.1023097038269,18.8,19.0,9,33,6.81175454637056,678.8,642.0,481,944,142.6102380616483
1003520,1209.3334929943085,22.72,21.0,6,52,9.451010527980593,729.64,720.0,384,1183,181.96744324191624
1254400,1501.3290588855743,30.32,29.0,17,49,8.744003659651566,879.2,887.0,553,1158,176.63068816035337
1505280,1789.0045320987701,40.52,34.0,15,86,17.139708282231645,1054.48,1005.0,472,1829,303.44859465813977
1756160,2081.048192501068,50.16,45.0,18,108,19.354958021137634,1122.8,1124.0,709,1700,252.93856961720962
2007040,2373.1275577545166,58.4,54.0,19,191,30.562722391828906,1125.64,1069.0,636,1619,247.3017395814271
2257920,2658.641033887863,77.96,68.0,17,249,54.101001839152666,1228.96,1223.0,455,1817,300.54783046962757
2508800,2946.0166783332825,77.28,73.0,47,156,23.328128943402213,1263.52,1221.0,957,1660,170.82953374636367
2759680,3233.156502723694,94.84,83.0,36,331,57.34434932929312,1306.8,1353.0,666,1729,230.7514680343334
3010560,3520.4065828323364,87.44,90.0,21,218,38.73404703874874,1273.8,1301.0,530,1713,281.36936578099613
3261440,3806.948715686798,120.64,100.0,32,348,74.20990769432342,1358.76,1319.0,837,1831,253.4962374474225
3512320,4096.26632976532,184.2,184.0,18,369,112.47790894215629,1454.0,1445.0,701,1902,261.4689274082104
3763200,4386.328160047531,179.12,147.0,42,348,93.44316775452339,1519.88,1530.0,1002,2014,273.00246445774076
4014080,4672.640510559082,218.96,188.0,98,363,94.93175654121228,1620.28,1648.0,1076,2054,234.1262086994961
4264960,4961.037235021591,246.76,264.0,61,393,98.34196662666453,1729.32,1694.0,1202,2331,281.22670143498107
4515840,5251.193927764893,249.68,285.0,42,399,113.33409725232738,1600.72,1666.0,986,2210,297.8417727586243
4766720,5540.333902359009,234.48,223.0,65,400,107.62271879115488,1707.8,1740.0,1183,2206,262.7412415286188
4999168,5811.426880836487,247.68,275.0,38,413,108.66819958018996,1709.88,1781.0,797,2362,341.7263607039995
