{"cliprange": "lin_0.1", "cliprange_vf": -1, "ent_coef": 0.01, "learning_rate": "lin_2.5e-4", "n_envs": 8, "n_steps": 128, "n_timesteps": 10000000.0, "nminibatches": 4, "noptepochs": 4, "policy": "CnnPolicy", "vf_coef": 0.5}
frames,total_time,rmean,rmedian,rmin,rmax,rstd,lmean,lmedian,lmin,lmax,lstd
250880,315.12032747268677,12.8,11.0,4,26,6.621178142898739,548.32,528.0,307,811,125.76731530886711
501760,600.398157119751,20.24,21.0,9,32,6.345265951873097,655.04,658.0,379,899,108.24656299393529
752640,882.6003406047821,21.84,22.0,11,34,5.474888126710901,774.12,795.0,519,980,125.72169900220089
1003520,1162.9643058776855,32.24,31.0,15,47,10.261695766295158,1008.24,1011.0,659,1375,208.61299671880465
1254400,1447.7019634246826,31.04,31.0,15,53,9.643567804500574,851.6,865.0,530,1138,167.0575948587792
1505280,1730.5107233524323,51.96,51.0,28,87,16.7725490012699,1160.84,1161.0,579,1567,218.57679291269693
1756160,2018.972638130188,59.88,57.0,28,134,21.54496692965668,1162.16,1166.0,774,1533,171.50152885615918
2007040,2308.6316232681274,59.92,59.0,38,104,15.445180478064996,1155.68,1155.0,663,1596,241.09678056747254
2257920,2593.7707567214966,65.0,64.0,22,113,27.008146919031674,1173.96,1154.0,643,1818,310.3728699483897
2508800,2884.2418398857117,77.8,76.0,38,124,26.290682760247975,1277.8,1359.0,782,1780,241.8867503605768
2759680,3169.8425879478455,133.08,96.0,56,353,82.17976393249131,1479.68,1477.0,877,1878,259.6817621628442
3010560,3453.762848854065,147.96,129.0,42,388,96.62607515572594,1397.4,1438.0,562,1903,321.19302607622103
3261440,3735.006960630417,135.64,108.0,27,364,82.37372396583756,1361.04,1368.0,668,1920,345.9592438423925
3512320,4016.885811805725,129.8,127.0,47,288,59.61073728784102,1465.88,1461.0,863,2028,261.02847660743834
3763200,4298.034225702286,148.08,129.0,56,410,96.41033969445394,1399.44,1372.0,818,2166,355.1609302837236
4014080,4583.661203622818,162.36,124.0,54,350,96.2359101375365,1477.32,1452.0,832,2316,385.22032345139843
4264960,4878.5286231040955,238.92,232.0,45,387,98.60098173953442,1786.24,1701.0,829,4287,609.1681725106787
4515840,5193.9551429748535,242.56,229.0,34,402,102.22331632264725,1765.12,1679.0,932,3388,470.6245484459985
4766720,5497.113743066788,276.0,281.0,142,391,76.04261962873188,1915.92,1804.0,1468,3441,401.05141017081587
4999168,5781.829701423645,292.72,318.0,119,423,91.58188467158776,1976.2,1882.0,1077,3909,492.73928197374323
