{"lr_schedule": "constant", "n_envs": 16, "n_timesteps": 10000000.0, "policy": "CnnPolicy"}
frames,total_time,rmean,rmedian,rmin,rmax,rstd,lmean,lmedian,lmin,lmax,lstd
250000,229.72621846199036,1.64,1.0,0,11,2.2957351763650786,193.28,164.0,121,527,87.35835163280039
500000,470.54130125045776,1.8,0.0,0,8,2.4657656011875906,204.92,154.0,123,410,94.48425053944176
750000,708.8572177886963,1.24,0.0,0,9,2.0645580640902303,177.68,145.0,124,404,71.47907106279432
1000000,943.9208035469055,2.84,2.0,0,11,3.145536520214,239.24,209.0,126,511,112.16569172434146
1250000,1182.6409170627594,2.08,1.0,0,11,2.784528685433138,214.08,154.0,125,479,105.57875543877186
1500000,1418.6710097789764,3.4,3.0,0,10,3.358571124749333,257.88,251.0,129,457,114.67704914236326
1750000,1653.7632517814636,2.0,1.0,0,9,2.4331050121192876,209.88,159.0,122,406,95.14759902383244
2000000,1883.3070890903473,2.48,1.0,0,9,2.8722116913625984,217.52,183.0,127,434,95.29873871148557
2250000,2114.377202272415,3.08,2.0,0,13,3.0973537092169505,247.84,203.0,126,498,107.93652949766357
2500000,2343.41836643219,3.28,3.0,0,13,3.2682717145304796,244.36,223.0,128,571,106.65078715133798
2750000,2559.0422718524933,5.76,6.0,0,17,3.755316231690748,314.8,320.0,133,511,102.8058364101961
3000000,2762.898245573044,8.4,8.0,1,18,4.1952353926806065,382.36,375.0,161,563,102.83807855070027
3250000,2960.6517567634583,6.72,6.0,2,23,4.404724736007916,358.24,351.0,184,680,110.52285917401883
3500000,3153.9233872890472,10.24,9.0,6,25,3.9525181846514004,450.68,444.0,307,655,87.19803667514537
3750000,3340.4240164756775,15.68,15.0,7,29,5.829030794222999,590.28,579.0,375,858,123.66908101866045
4000000,3525.0692319869995,23.44,23.0,11,36,7.515743476197149,739.56,740.0,408,979,158.8949539790361
4250000,3706.7188334465027,30.8,29.0,6,60,13.847743498491008,938.2,897.0,377,1348,224.97804337312567
4500000,3892.8302686214447,28.88,24.0,7,65,15.41251439577592,825.04,716.0,383,1513,300.1396315050713
4750000,4078.766560792923,39.4,40.0,15,79,15.455743269089327,1028.2,1081.0,628,1628,250.51307351114434
5000000,4264.843622922897,53.24,54.0,14,108,24.31177492492064,1086.2,1146.0,601,1681,279.92084595470914
